-6.517682, -20.999991, -0.000005, 0.046537, 0.047253
-6.515933, -20.999991, -0.000005, 0.058275, 0.058847
-6.513789, -20.999991, -0.000005, 0.069801, 0.070279
-6.511249, -20.999991, -0.000005, 0.082900, 0.083319
-6.508168, -20.999991, -0.000005, 0.100249, 0.100595
-6.504480, -20.999991, -0.000005, 0.120184, 0.120485
-6.500027, -20.999991, -0.000005, 0.144940, 0.145198
-6.494642, -20.999991, -0.000005, 0.173740, 0.173955
-6.488286, -20.999991, -0.000005, 0.202041, 0.202225
-6.480977, -20.999991, -0.000005, 0.229831, 0.229993
-6.472731, -20.999991, -0.000005, 0.257120, 0.257264
-6.463565, -20.999991, -0.000005, 0.283917, 0.284047
-6.453497, -20.999991, -0.000005, 0.310229, 0.310348
-6.442543, -20.999991, -0.000005, 0.336067, 0.336176
-6.430718, -20.999991, -0.000005, 0.361436, 0.361537
-6.418038, -20.999991, -0.000005, 0.386347, 0.386441
-6.404496, -20.999991, -0.000005, 0.413686, 0.413778
-6.389897, -20.999991, -0.000005, 0.448280, 0.448367
-6.374077, -20.999991, -0.000005, 0.484187, 0.484268
-6.357047, -20.999991, -0.000005, 0.519445, 0.519520
-6.338829, -20.999991, -0.000005, 0.554065, 0.554135
-6.319444, -20.999992, -0.000005, 0.588057, 0.588123
-6.298915, -20.999992, -0.000005, 0.621433, 0.621495
-6.277261, -20.999992, -0.000005, 0.654203, 0.654262
-6.254467, -20.999992, -0.000005, 0.689993, 0.690050
-6.230396, -20.999992, -0.000005, 0.727801, 0.727855
-6.205051, -20.999992, -0.000005, 0.764925, 0.764976
-6.178456, -20.999992, -0.000005, 0.801374, 0.801422
-6.150632, -20.999992, -0.000005, 0.837160, 0.837206
-6.121603, -20.999992, -0.000005, 0.872294, 0.872339
-6.091391, -20.999993, -0.000005, 0.906789, 0.906832
-6.060016, -20.999993, -0.000005, 0.940655, 0.940696
-6.027500, -20.999993, -0.000005, 0.973904, 0.973943
-5.993865, -20.999993, -0.000005, 1.006545, 1.006583
-5.959129, -20.999993, -0.000005, 1.038589, 1.038626
-5.923314, -20.999993, -0.000005, 1.070046, 1.070082
-5.886441, -20.999994, -0.000005, 1.100869, 1.100903
-5.848530, -20.999994, -0.000005, 1.131035, 1.131069
-5.809605, -20.999994, -0.000005, 1.160560, 1.160593
-5.769686, -20.999994, -0.000005, 1.189457, 1.189489
-5.728796, -20.999994, -0.000005, 1.217739, 1.217770
-5.686954, -20.999995, -0.000005, 1.245420, 1.245450
-5.644182, -20.999995, -0.000005, 1.272511, 1.272540
-5.600498, -20.999995, -0.000005, 1.299026, 1.299055
-5.555922, -20.999995, -0.000005, 1.324977, 1.325005
-5.510473, -20.999995, -0.000005, 1.350376, 1.350403
-5.464170, -20.999996, -0.000005, 1.375235, 1.375261
-5.417031, -20.999996, -0.000005, 1.399564, 1.399590
-5.369073, -20.999996, -0.000005, 1.423376, 1.423402
-5.320314, -20.999996, -0.000005, 1.446682, 1.446707
-5.270772, -20.999997, -0.000005, 1.469491, 1.469516
-5.220462, -20.999997, -0.000006, 1.491816, 1.491840
-5.169401, -20.999997, -0.000006, 1.513665, 1.513689
-5.117606, -20.999998, -0.000006, 1.535050, 1.535073
-5.065091, -20.999998, -0.000006, 1.555979, 1.556002
-5.011872, -20.999998, -0.000006, 1.576464, 1.576486
-4.957964, -20.999998, -0.000006, 1.596512, 1.596534
-4.903382, -20.999999, -0.000006, 1.616134, 1.616156
-4.848140, -20.999999, -0.000006, 1.635339, 1.635360
-4.792251, -20.999999, -0.000006, 1.654134, 1.654156
-4.735731, -21.000000, -0.000006, 1.672531, 1.672551
-4.678592, -21.000000, -0.000006, 1.690535, 1.690556
-4.620847, -21.000000, -0.000006, 1.708157, 1.708177
-4.562509, -21.000001, -0.000006, 1.725404, 1.725424
-4.503592, -21.000001, -0.000006, 1.742283, 1.742303
-4.444106, -21.000001, -0.000006, 1.758804, 1.758824
-4.384065, -21.000002, -0.000006, 1.774973, 1.774993
-4.323480, -21.000002, -0.000006, 1.790798, 1.790818
-4.262362, -21.000002, -0.000006, 1.806287, 1.806306
-4.200724, -21.000003, -0.000006, 1.821446, 1.821465
-4.138576, -21.000003, -0.000006, 1.836283, 1.836301
-4.075929, -21.000003, -0.000006, 1.850803, 1.850822
-4.012793, -21.000004, -0.000006, 1.865015, 1.865034
-3.949179, -21.000004, -0.000006, 1.878925, 1.878943
-3.885097, -21.000004, -0.000006, 1.892539, 1.892556
-3.820558, -21.000005, -0.000006, 1.905863, 1.905880
-3.755570, -21.000005, -0.000006, 1.918903, 1.918921
-3.690144, -21.000005, -0.000006, 1.931666, 1.931684
-3.624288, -21.000006, -0.000006, 1.944158, 1.944175
-3.558012, -21.000006, -0.000006, 1.956384, 1.956401
-3.491325, -21.000007, -0.000006, 1.968349, 1.968366
-3.424236, -21.000007, -0.000006, 1.980060, 1.980077
-3.356752, -21.000007, -0.000006, 1.991522, 1.991539
-3.288883, -21.000008, -0.000006, 2.002741, 2.002757
-3.220637, -21.000008, -0.000006, 2.013720, 2.013737
-3.152021, -21.000008, -0.000006, 2.024466, 2.024482
-3.083044, -21.000009, -0.000006, 2.034983, 2.035000
-3.013713, -21.000009, -0.000006, 2.045277, 2.045293
-2.944036, -21.000010, -0.000006, 2.055351, 2.055367
-2.874020, -21.000010, -0.000006, 2.065211, 2.065227
-2.803672, -21.000010, -0.000006, 2.074862, 2.074878
-2.733000, -21.000011, -0.000006, 2.084307, 2.084323
-2.662010, -21.000011, -0.000006, 2.093551, 2.093567
-2.590709, -21.000012, -0.000006, 2.102599, 2.102614
-2.519104, -21.000012, -0.000006, 2.111454, 2.111469
-2.447201, -21.000012, -0.000006, 2.120120, 2.120136
-2.375006, -21.000013, -0.000006, 2.128602, 2.128618
-2.302526, -21.000013, -0.000006, 2.136904, 2.136919
-2.229767, -21.000014, -0.000006, 2.145029, 2.145045
-2.156735, -21.000014, -0.000006, 2.152982, 2.152997
-2.083435, -21.000015, -0.000006, 2.160765, 2.160780
-2.009873, -21.000015, -0.000006, 2.168382, 2.168397
-1.936055, -21.000015, -0.000006, 2.175838, 2.175853
-1.861986, -21.000016, -0.000006, 2.183134, 2.183149
-1.787672, -21.000016, -0.000006, 2.190276, 2.190291
-1.713118, -21.000017, -0.000006, 2.197266, 2.197280
-1.638328, -21.000017, -0.000006, 2.204107, 2.204121
-1.563309, -21.000018, -0.000006, 2.210802, 2.210817
-1.488064, -21.000018, -0.000006, 2.217355, 2.217370
-1.412599, -21.000018, -0.000006, 2.223769, 2.223783
-1.336918, -21.000019, -0.000006, 2.230046, 2.230060
-1.261026, -21.000019, -0.000006, 2.236189, 2.236204
-1.184927, -21.000020, -0.000006, 2.242202, 2.242217
-1.108626, -21.000020, -0.000006, 2.248087, 2.248101
-1.032127, -21.000021, -0.000006, 2.253847, 2.253861
-0.955434, -21.000021, -0.000006, 2.259484, 2.259498
-0.878552, -21.000022, -0.000006, 2.265001, 2.265015
-0.801484, -21.000022, -0.000006, 2.270401, 2.270415
-0.724234, -21.000023, -0.000006, 2.275686, 2.275700
-0.646807, -21.000023, -0.000006, 2.280859, 2.280873
-0.569206, -21.000023, -0.000006, 2.285921, 2.285935
-0.491434, -21.000024, -0.000006, 2.290876, 2.290890
-0.413496, -21.000024, -0.000006, 2.295725, 2.295739
-0.335395, -21.000025, -0.000006, 2.300472, 2.300486
-0.257134, -21.000025, -0.000006, 2.305117, 2.305131
-0.178717, -21.000026, -0.000006, 2.309663, 2.309677
-0.100146, -21.000026, -0.000006, 2.314113, 2.314127
-0.021427, -21.000027, -0.000006, 2.318468, 2.318482
0.057440, -21.000027, -0.000006, 2.322730, 2.322744
0.136449, -21.000028, -0.000006, 2.326902, 2.326916
0.215600, -21.000028, -0.000006, 2.330985, 2.330999
0.294887, -21.000029, -0.000006, 2.334981, 2.334995
0.374309, -21.000029, -0.000006, 2.338892, 2.338906
0.453862, -21.000030, -0.000006, 2.342720, 2.342734
0.533545, -21.000030, -0.000006, 2.346907, 2.346920
0.613476, -21.000030, -0.000006, 2.356858, 2.356872
0.693741, -21.000031, -0.000006, 2.366577, 2.366591
0.774332, -21.000031, -0.000006, 2.376090, 2.376104
0.855244, -21.000032, -0.000006, 2.385400, 2.385414
0.936469, -21.000032, -0.000006, 2.394512, 2.394526
1.018000, -21.000033, -0.000006, 2.403430, 2.403444
1.099833, -21.000033, -0.000006, 2.412803, 2.412817
1.182087, -21.000034, -0.000006, 2.427608, 2.427622
1.264839, -21.000034, -0.000006, 2.442096, 2.442110
1.348078, -21.000035, -0.000006, 2.456276, 2.456290
1.431794, -21.000035, -0.000006, 2.470153, 2.470167
1.515977, -21.000036, -0.000006, 2.483736, 2.483750
1.600617, -21.000036, -0.000006, 2.497030, 2.497043
1.685704, -21.000037, -0.000006, 2.510041, 2.510054
1.771228, -21.000037, -0.000006, 2.522775, 2.522788
1.857166, -21.000038, -0.000006, 2.532908, 2.532921
1.943353, -21.000039, -0.000006, 2.538894, 2.538907
2.029741, -21.000039, -0.000006, 2.544741, 2.544753
2.116326, -21.000040, -0.000006, 2.550463, 2.550475
2.203103, -21.000040, -0.000006, 2.556063, 2.556076
2.290068, -21.000041, -0.000006, 2.561544, 2.561557
2.377195, -21.000041, -0.000006, 2.564031, 2.564043
2.464321, -21.000042, -0.000006, 2.563075, 2.563087
2.551415, -21.000042, -0.000006, 2.562133, 2.562145
2.638478, -21.000043, -0.000006, 2.561212, 2.561224
2.725509, -21.000043, -0.000006, 2.560310, 2.560322
2.812510, -21.000044, -0.000006, 2.559427, 2.559439
2.899481, -21.000044, -0.000006, 2.558563, 2.558575
2.986424, -21.000045, -0.000006, 2.557717, 2.557730
3.073385, -21.000046, -0.000006, 2.561052, 2.561064
3.160518, -21.000046, -0.000006, 2.566427, 2.566439
3.247832, -21.000047, -0.000006, 2.571687, 2.571700
3.335323, -21.000047, -0.000006, 2.576836, 2.576849
3.422987, -21.000048, -0.000006, 2.581875, 2.581888
3.510821, -21.000048, -0.000006, 2.586808, 2.586820
3.598820, -21.000049, -0.000006, 2.591635, 2.591647
3.686982, -21.000049, -0.000006, 2.596359, 2.596371
3.775303, -21.000050, -0.000006, 2.600983, 2.600995
3.863779, -21.000050, -0.000006, 2.605509, 2.605521
3.952408, -21.000051, -0.000006, 2.609938, 2.609950
4.041185, -21.000052, -0.000006, 2.614273, 2.614285
4.130109, -21.000052, -0.000006, 2.618516, 2.618528
4.219175, -21.000053, -0.000006, 2.622668, 2.622680
4.308381, -21.000053, -0.000006, 2.626732, 2.626745
4.397723, -21.000054, -0.000006, 2.630710, 2.630722
4.487199, -21.000054, -0.000006, 2.634603, 2.634615
4.576807, -21.000055, -0.000006, 2.638414, 2.638426
4.666542, -21.000056, -0.000006, 2.642143, 2.642155
4.756403, -21.000056, -0.000006, 2.645793, 2.645805
4.846386, -21.000057, -0.000006, 2.649365, 2.649377
4.936490, -21.000057, -0.000006, 2.652861, 2.652873
5.026711, -21.000058, -0.000006, 2.656283, 2.656295
5.117048, -21.000058, -0.000006, 2.659632, 2.659644
5.207497, -21.000059, -0.000006, 2.662910, 2.662922
5.298056, -21.000060, -0.000006, 2.666118, 2.666130
5.388723, -21.000060, -0.000006, 2.669258, 2.669270
5.479496, -21.000061, -0.000007, 2.672331, 2.672343
5.570372, -21.000061, -0.000007, 2.675338, 2.675350
5.661350, -21.000062, -0.000007, 2.678282, 2.678294
5.752426, -21.000062, -0.000007, 2.681163, 2.681175
5.843600, -21.000063, -0.000007, 2.683983, 2.683995
5.934868, -21.000064, -0.000007, 2.686743, 2.686754
6.026229, -21.000064, -0.000007, 2.689444, 2.689455
6.117681, -21.000065, -0.000007, 2.692087, 2.692099
6.209221, -21.000065, -0.000007, 2.694674, 2.694686
6.300849, -21.000066, -0.000007, 2.697207, 2.697218
6.392562, -21.000067, -0.000007, 2.699685, 2.699697
6.484358, -21.000067, -0.000007, 2.702111, 2.702122
6.576236, -21.000068, -0.000007, 2.704485, 2.704496
6.668194, -21.000068, -0.000007, 2.706808, 2.706820
6.760230, -21.000069, -0.000007, 2.709083, 2.709094
6.852342, -21.000069, -0.000007, 2.711308, 2.711320
6.944530, -21.000070, -0.000007, 2.713487, 2.713498
7.036790, -21.000071, -0.000007, 2.715619, 2.715630
7.129122, -21.000071, -0.000007, 2.717705, 2.717717
7.221525, -21.000072, -0.000007, 2.719748, 2.719759
7.313996, -21.000072, -0.000007, 2.721747, 2.721758
7.406534, -21.000073, -0.000007, 2.723703, 2.723714
7.499139, -21.000074, -0.000007, 2.725618, 2.725629
7.591807, -21.000074, -0.000007, 2.727491, 2.727503
7.684539, -21.000075, -0.000007, 2.729326, 2.729337
7.777332, -21.000075, -0.000007, 2.731121, 2.731132
7.870186, -21.000076, -0.000007, 2.732878, 2.732889
7.963099, -21.000077, -0.000007, 2.734597, 2.734609
8.056069, -21.000077, -0.000007, 2.736280, 2.736291
8.149097, -21.000078, -0.000007, 2.737927, 2.737939
8.243215, -21.000079, -0.000007, 2.793256, 2.793269
8.336287, -21.000079, -0.000007, 2.690261, 2.690276
8.426889, -21.000080, -0.000006, 2.704652, 2.704662
8.518779, -21.000080, -0.000004, 2.706163, 2.706174
8.610747, -21.000081, -0.000003, 2.708675, 2.708687
8.702799, -21.000081, -0.000001, 2.711081, 2.711093
8.794931, -21.000081, -0.000000, 2.713380, 2.713392
8.887139, -21.000081, 0.000001, 2.715576, 2.715587
8.979420, -21.000081, 0.000001, 2.717668, 2.717680
9.071770, -21.000080, 0.000002, 2.719660, 2.719671
9.164353, -21.000080, 0.000002, 2.725833, 2.725844
9.257029, -21.000080, 0.000003, 2.727702, 2.727713
9.349767, -21.000080, 0.000003, 2.729531, 2.729543
9.442568, -21.000079, 0.000003, 2.731322, 2.731333
9.535428, -21.000079, 0.000003, 2.733074, 2.733086
9.628348, -21.000079, 0.000003, 2.734790, 2.734801
9.721325, -21.000079, 0.000003, 2.736469, 2.736480
9.814358, -21.000078, 0.000003, 2.738112, 2.738123
9.907447, -21.000078, 0.000003, 2.739720, 2.739731
9.997952, -21.000078, 0.000003, 2.625407, 2.635379
10.089048, -21.000078, 0.000003, 2.726496, 2.727753
10.182150, -21.000078, 0.000002, 2.700979, 2.701040
10.273975, -21.000078, 0.000002, 2.697565, 2.697624
10.365682, -21.000077, 0.000002, 2.694054, 2.694113
10.457269, -21.000077, 0.000002, 2.690556, 2.690614
10.548738, -21.000077, 0.000001, 2.687070, 2.687129
10.640088, -21.000077, 0.000000, 2.683597, 2.683656
10.731321, -21.000077, -0.000002, 2.680135, 2.680194
10.822420, -21.000077, -0.000004, 2.674067, 2.674084
10.913221, -21.000078, -0.000008, 2.670029, 2.670041
11.003912, -21.000079, -0.000011, 2.666812, 2.666823
11.094496, -21.000080, -0.000014, 2.663663, 2.663674
11.184973, -21.000081, -0.000015, 2.660581, 2.660592
11.275347, -21.000083, -0.000016, 2.657565, 2.657576
11.365607, -21.000084, -0.000016, 2.652466, 2.652477
11.455601, -21.000085, -0.000016, 2.643363, 2.643374
11.545288, -21.000087, -0.000016, 2.634440, 2.634451
11.634675, -21.000088, -0.000016, 2.625706, 2.625717
11.723769, -21.000090, -0.000016, 2.617159, 2.617170
11.812575, -21.000091, -0.000016, 2.608793, 2.608804
11.901100, -21.000092, -0.000016, 2.600605, 2.600616
11.989349, -21.000094, -0.000016, 2.592591, 2.592602
12.077329, -21.000095, -0.000016, 2.584748, 2.584759
12.165044, -21.000097, -0.000016, 2.577071, 2.577083
12.252502, -21.000098, -0.000016, 2.569558, 2.569570
12.339620, -21.000099, -0.000016, 2.556576, 2.556587
12.426281, -21.000101, -0.000016, 2.543225, 2.543237
12.512483, -21.000102, -0.000016, 2.528195, 2.528206
12.598082, -21.000104, -0.000016, 2.509191, 2.509202
12.683042, -21.000105, -0.000016, 2.490575, 2.490586
12.767376, -21.000106, -0.000017, 2.472355, 2.472366
12.851097, -21.000108, -0.000017, 2.454522, 2.454533
12.934218, -21.000109, -0.000017, 2.437069, 2.437080
13.016752, -21.000110, -0.000017, 2.419987, 2.419999
13.098712, -21.000112, -0.000017, 2.403269, 2.403280
13.180109, -21.000113, -0.000018, 2.386906, 2.386918
13.260956, -21.000115, -0.000018, 2.370891, 2.370903
13.341264, -21.000116, -0.000018, 2.355217, 2.355229
13.421045, -21.000118, -0.000019, 2.339877, 2.339889
13.500310, -21.000119, -0.000019, 2.324863, 2.324875
13.579069, -21.000121, -0.000020, 2.310168, 2.310180
13.657335, -21.000122, -0.000020, 2.295786, 2.295798
13.735117, -21.000124, -0.000021, 2.281710, 2.281722
13.812425, -21.000125, -0.000021, 2.267933, 2.267946
13.889270, -21.000127, -0.000021, 2.254450, 2.254462
13.965661, -21.000129, -0.000021, 2.241253, 2.241266
14.041609, -21.000130, -0.000021, 2.228337, 2.228350
14.117122, -21.000132, -0.000021, 2.215696, 2.215709
14.192210, -21.000133, -0.000022, 2.203324, 2.203337
14.266881, -21.000135, -0.000022, 2.191215, 2.191228
14.341146, -21.000137, -0.000022, 2.179364, 2.179377
14.415012, -21.000138, -0.000022, 2.167765, 2.167778
14.488487, -21.000140, -0.000022, 2.156412, 2.156426
14.561581, -21.000141, -0.000022, 2.145301, 2.145315
14.634301, -21.000143, -0.000022, 2.134427, 2.134440
14.706655, -21.000145, -0.000022, 2.123784, 2.123797
14.778662, -21.000146, -0.000022, 2.115330, 2.115345
14.850481, -21.000148, -0.000022, 2.111351, 2.111365
14.922181, -21.000149, -0.000022, 2.109802, 2.109817
14.993921, -21.000151, -0.000022, 2.112218, 2.112233
15.065743, -21.000152, -0.000022, 2.114595, 2.114610
15.137644, -21.000154, -0.000022, 2.116921, 2.116936
15.209604, -21.000156, -0.000022, 2.116502, 2.116517
15.281463, -21.000157, -0.000022, 2.112522, 2.112536
15.353187, -21.000159, -0.000022, 2.108619, 2.108633
15.424781, -21.000160, -0.000022, 2.104798, 2.104813
15.496246, -21.000162, -0.000022, 2.101059, 2.101073
15.567585, -21.000163, -0.000022, 2.097399, 2.097414
15.638801, -21.000165, -0.000022, 2.093818, 2.093832
15.709896, -21.000167, -0.000022, 2.090312, 2.090327
15.780838, -21.000168, -0.000022, 2.083270, 2.083284
15.851471, -21.000170, -0.000022, 2.073717, 2.073731
15.921784, -21.000171, -0.000022, 2.064365, 2.064379
15.991781, -21.000173, -0.000022, 2.055213, 2.055227
16.061471, -21.000174, -0.000022, 2.046255, 2.046269
16.130859, -21.000176, -0.000022, 2.037488, 2.037502
16.199953, -21.000178, -0.000022, 2.028907, 2.028921
16.268758, -21.000179, -0.000023, 2.020509, 2.020523
16.337280, -21.000181, -0.000023, 2.012289, 2.012304
16.405526, -21.000182, -0.000023, 2.004244, 2.004259
16.473504, -21.000183, -0.000165, 1.996504, 1.996519
16.541217, -21.000221, -0.001136, 1.988670, 1.988687
16.608669, -21.000347, -0.002708, 1.981167, 1.981191
16.675871, -21.000599, -0.004964, 1.974008, 1.974050
16.742832, -21.001025, -0.007871, 1.966862, 1.966942
16.809544, -21.001665, -0.011432, 1.959349, 1.959499
16.875996, -21.002561, -0.015645, 1.951514, 1.951777
16.942172, -21.003755, -0.020496, 1.943108, 1.943546
17.008068, -21.005283, -0.025841, 1.935399, 1.936066
17.073676, -21.007161, -0.031581, 1.925593, 1.926590
17.138934, -21.009432, -0.038051, 1.915605, 1.917025
17.203875, -21.012127, -0.044981, 1.906429, 1.908395
17.268477, -21.015274, -0.052496, 1.895895, 1.898556
17.332725, -21.018908, -0.060564, 1.885533, 1.889040
17.396602, -21.023053, -0.069137, 1.874018, 1.878558
17.460075, -21.027736, -0.078255, 1.861885, 1.867656
17.523126, -21.032983, -0.087863, 1.849037, 1.856259
17.585721, -21.038814, -0.097977, 1.835191, 1.844102
17.647834, -21.045249, -0.108574, 1.820610, 1.831465
17.709433, -21.052306, -0.119640, 1.804951, 1.818026
17.770483, -21.060001, -0.131169, 1.788355, 1.803935
17.830952, -21.068345, -0.143141, 1.770717, 1.789104
17.890805, -21.077349, -0.155547, 1.752108, 1.773617
17.950012, -21.087021, -0.168372, 1.732767, 1.757726
18.008551, -21.097370, -0.181605, 1.712892, 1.741643
18.066411, -21.108401, -0.195237, 1.692792, 1.725696
18.123588, -21.120124, -0.209262, 1.672709, 1.710144
18.180087, -21.132547, -0.223676, 1.652873, 1.695240
18.235919, -21.145682, -0.238478, 1.633460, 1.681188
18.291101, -21.159540, -0.253670, 1.614596, 1.668141
18.345653, -21.174136, -0.269255, 1.596391, 1.656242
18.399604, -21.189488, -0.285226, 1.579216, 1.645897
18.452993, -21.205616, -0.301539, 1.563322, 1.637402
18.505944, -21.222566, -0.317903, 1.554418, 1.636476
18.558641, -21.240379, -0.333948, 1.546953, 1.637496
18.611098, -21.259045, -0.349684, 1.541050, 1.640375
18.663403, -21.278573, -0.364934, 1.537614, 1.645951
18.715545, -21.298933, -0.379734, 1.531054, 1.648507
18.767460, -21.320086, -0.394213, 1.524547, 1.651190
18.819133, -21.342009, -0.408379, 1.516567, 1.652499
18.870521, -21.364669, -0.422324, 1.507891, 1.653198
18.921602, -21.388044, -0.436086, 1.498423, 1.653231
18.972350, -21.412114, -0.449723, 1.488341, 1.652787
19.022748, -21.436863, -0.463269, 1.477753, 1.652006
19.072779, -21.462277, -0.476758, 1.466703, 1.650945
19.122428, -21.488345, -0.490212, 1.455280, 1.649714
19.171682, -21.515056, -0.503648, 1.443511, 1.648351
19.220532, -21.542404, -0.517076, 1.431453, 1.646924
19.268968, -21.570380, -0.530502, 1.419128, 1.645462
19.316982, -21.598978, -0.543930, 1.406569, 1.644001
19.364564, -21.628193, -0.557361, 1.393789, 1.642557
19.411709, -21.658018, -0.570794, 1.380802, 1.641145
19.458410, -21.688448, -0.584229, 1.367616, 1.639767
19.504659, -21.719477, -0.597663, 1.354234, 1.638428
19.550450, -21.751099, -0.611095, 1.340659, 1.637124
19.595777, -21.783307, -0.624522, 1.326894, 1.635854
19.640633, -21.816096, -0.637945, 1.312938, 1.634615
19.685012, -21.849458, -0.651360, 1.298794, 1.633402
19.728907, -21.883388, -0.664768, 1.284462, 1.632212
19.772311, -21.917878, -0.678168, 1.269945, 1.630999
19.815250, -21.952945, -0.691411, 1.258232, 1.633232
19.857840, -21.988655, -0.704025, 1.249129, 1.638398
19.900112, -22.024982, -0.715868, 1.239132, 1.641934
19.942038, -22.061856, -0.727028, 1.228927, 1.644408
19.983610, -22.099223, -0.737498, 1.217321, 1.644657
20.024749, -22.136976, -0.747579, 1.203183, 1.641158
20.065478, -22.175107, -0.757143, 1.193501, 1.642090
20.105880, -22.213625, -0.765885, 1.183244, 1.641756
20.145910, -22.252442, -0.774104, 1.171889, 1.639157
20.185575, -22.291526, -0.781797, 1.162021, 1.637521
20.224911, -22.330858, -0.788838, 1.152315, 1.635353
20.263912, -22.370387, -0.795342, 1.142410, 1.632087
20.302587, -22.410080, -0.801337, 1.133270, 1.628945
20.340962, -22.449918, -0.806777, 1.124751, 1.625857
20.379057, -22.489877, -0.811709, 1.116791, 1.622768
20.416896, -22.529943, -0.816183, 1.109642, 1.620051
20.454505, -22.570106, -0.820242, 1.103180, 1.617667
20.491905, -22.610359, -0.823971, 1.097287, 1.615556
20.529115, -22.650698, -0.827452, 1.091940, 1.613789
20.566151, -22.691121, -0.830742, 1.087005, 1.612306
20.603025, -22.731628, -0.833901, 1.082343, 1.611007
20.639745, -22.772219, -0.836981, 1.077898, 1.609874
20.676315, -22.812894, -0.840016, 1.073690, 1.608958
20.712740, -22.853655, -0.843029, 1.069665, 1.608240
20.749024, -22.894505, -0.846043, 1.065707, 1.607641
20.785167, -22.935446, -0.849105, 1.061545, 1.606913
20.821169, -22.976480, -0.852166, 1.057425, 1.606259
20.857029, -23.017606, -0.855242, 1.053186, 1.605486
20.892745, -23.058823, -0.858329, 1.048947, 1.604719
20.928316, -23.100129, -0.861426, 1.044642, 1.603895
20.963741, -23.141524, -0.864531, 1.040324, 1.603066
20.999018, -23.183007, -0.867642, 1.035975, 1.602216
21.034147, -23.224577, -0.870757, 1.031617, 1.601367
21.069128, -23.266235, -0.873876, 1.027248, 1.600517
21.103960, -23.307979, -0.876996, 1.022876, 1.599675
21.138644, -23.349811, -0.880116, 1.018504, 1.598841
21.173179, -23.391728, -0.883235, 1.014133, 1.598020
21.207565, -23.433731, -0.886354, 1.009766, 1.597212
21.241804, -23.475821, -0.889470, 1.005403, 1.596415
21.275894, -23.517994, -0.892617, 1.000754, 1.595425
21.309815, -23.560241, -0.896169, 0.995051, 1.593862
21.343528, -23.602567, -0.900436, 0.988178, 1.591445
21.377003, -23.644997, -0.905395, 0.981381, 1.590161
21.410230, -23.687570, -0.910894, 0.973269, 1.588419
21.443168, -23.730284, -0.917040, 0.964483, 1.586612
21.475792, -23.773158, -0.923745, 0.954648, 1.584444
21.508062, -23.816193, -0.931037, 0.943748, 1.581730
21.539944, -23.859391, -0.938890, 0.931692, 1.578339
21.571393, -23.902739, -0.947302, 0.918237, 1.573820
21.602396, -23.946260, -0.956062, 0.907404, 1.572958
21.632963, -23.989960, -0.965029, 0.891318, 1.566077
21.662971, -24.033737, -0.974709, 0.875893, 1.560313
21.692471, -24.077687, -0.984673, 0.860355, 1.555702
21.721396, -24.121747, -0.995136, 0.842580, 1.548154
21.749719, -24.165913, -1.005999, 0.824862, 1.541297
21.777411, -24.210160, -1.017250, 0.805326, 1.532277
21.804431, -24.254458, -1.028922, 0.785567, 1.523441
21.830770, -24.298811, -1.040958, 0.765075, 1.514155
21.856404, -24.343206, -1.053391, 0.744181, 1.504865
21.881327, -24.387654, -1.066197, 0.723140, 1.496112
21.905529, -24.432165, -1.079383, 0.701811, 1.487680
21.929007, -24.476755, -1.092951, 0.680466, 1.480104
21.951759, -24.521445, -1.106901, 0.659003, 1.473293
21.973783, -24.566264, -1.121222, 0.637707, 1.467821
21.995088, -24.611254, -1.135868, 0.616610, 1.463823
22.015679, -24.656451, -1.150791, 0.595674, 1.461201
22.035561, -24.701895, -1.165937, 0.574908, 1.459924
22.054740, -24.747614, -1.181258, 0.554211, 1.459710
22.073216, -24.793631, -1.196709, 0.533541, 1.460386
22.090990, -24.839963, -1.212251, 0.512764, 1.461666
22.108059, -24.886617, -1.227856, 0.491768, 1.463232
22.124420, -24.933594, -1.243501, 0.470796, 1.465355
22.140074, -24.980910, -1.259126, 0.449917, 1.468085
22.155006, -25.028528, -1.274781, 0.428432, 1.469751
22.169210, -25.076443, -1.290449, 0.407002, 1.472017
22.182680, -25.124639, -1.306127, 0.385216, 1.473822
22.195408, -25.173103, -1.321818, 0.363332, 1.475772
22.207389, -25.221822, -1.337517, 0.341226, 1.477536
22.218617, -25.270782, -1.353226, 0.318977, 1.479284
22.229085, -25.319968, -1.368944, 0.296559, 1.480944
22.238790, -25.369368, -1.384674, 0.273995, 1.482551
22.247725, -25.418967, -1.400415, 0.251288, 1.484104
22.255887, -25.468751, -1.416168, 0.228447, 1.485606
22.263270, -25.518709, -1.431934, 0.205478, 1.487067
22.269871, -25.568824, -1.447714, 0.182387, 1.488487
22.275686, -25.619085, -1.463508, 0.159183, 1.489873
22.280710, -25.669478, -1.479315, 0.135871, 1.491225
22.284941, -25.719990, -1.495137, 0.112459, 1.492545
22.288375, -25.770606, -1.510973, 0.088954, 1.493835
22.291008, -25.821314, -1.526823, 0.065364, 1.495095
22.292839, -25.872099, -1.542687, 0.041697, 1.496327
22.293864, -25.922949, -1.558564, 0.017959, 1.497530
22.294082, -25.973849, -1.574454, -0.005841, 1.498705
22.293490, -26.024785, -1.590357, -0.029696, 1.499853
22.292087, -26.075744, -1.606272, -0.053597, 1.500974
22.289871, -26.126711, -1.622199, -0.077537, 1.502068
22.286841, -26.177674, -1.638138, -0.101507, 1.503136
22.282997, -26.228618, -1.654088, -0.125501, 1.504179
22.278337, -26.279529, -1.670050, -0.149510, 1.505197
22.272860, -26.330392, -1.686021, -0.173526, 1.506190
22.266568, -26.381195, -1.702004, -0.197542, 1.507160
22.259460, -26.431923, -1.717996, -0.221550, 1.508105
22.251537, -26.482563, -1.733998, -0.245542, 1.509027
22.242798, -26.533099, -1.750010, -0.269510, 1.509927
22.233246, -26.583519, -1.766032, -0.293447, 1.510804
22.222881, -26.633808, -1.782062, -0.317345, 1.511659
22.211705, -26.683952, -1.798102, -0.341197, 1.512492
22.199719, -26.733938, -1.814150, -0.364995, 1.513304
22.186926, -26.783751, -1.830206, -0.388731, 1.514096
22.173327, -26.833378, -1.846271, -0.412398, 1.514867
22.158925, -26.882805, -1.862344, -0.435989, 1.515618
22.143723, -26.932019, -1.878425, -0.459495, 1.516349
22.127724, -26.981004, -1.894513, -0.482910, 1.517062
22.110931, -27.029749, -1.910609, -0.506225, 1.517755
22.093348, -27.078238, -1.926712, -0.529435, 1.518430
22.074977, -27.126460, -1.942822, -0.552531, 1.519087
22.055824, -27.174399, -1.958939, -0.575506, 1.519726
22.035893, -27.222043, -1.975063, -0.598353, 1.520348
22.015187, -27.269379, -1.991193, -0.621153, 1.521179
21.993662, -27.316502, -2.007370, -0.646600, 1.528321
21.971272, -27.363486, -2.023618, -0.672046, 1.535228
21.948017, -27.410305, -2.039943, -0.697539, 1.541965
21.923895, -27.456939, -2.056340, -0.723082, 1.548568
21.898904, -27.503366, -2.072810, -0.748639, 1.555002
21.873045, -27.549563, -2.089349, -0.774208, 1.561308
21.846316, -27.595509, -2.105955, -0.799836, 1.567847
21.818711, -27.641198, -2.122597, -0.825613, 1.574695
21.790238, -27.686596, -2.139317, -0.851124, 1.580805
21.760892, -27.731688, -2.156101, -0.876909, 1.587397
21.730675, -27.776456, -2.172942, -0.902402, 1.593218
21.699593, -27.820869, -2.189855, -0.927919, 1.599175
21.667645, -27.864913, -2.206821, -0.953305, 1.604915
21.634839, -27.908560, -2.223853, -0.978532, 1.610467
21.601175, -27.951790, -2.240928, -1.003813, 1.616263
21.566604, -27.994661, -2.257766, -1.031753, 1.627250
21.531080, -28.037253, -2.274121, -1.058913, 1.637234
21.494645, -28.079530, -2.290058, -1.085908, 1.648450
21.457303, -28.121516, -2.305468, -1.111986, 1.659100
21.419058, -28.163234, -2.320180, -1.138464, 1.671812
21.379958, -28.204679, -2.334188, -1.162412, 1.681715
21.340065, -28.245822, -2.347535, -1.185169, 1.691279
21.299436, -28.286649, -2.360240, -1.205237, 1.697466
21.257970, -28.327510, -2.371207, -1.221356, 1.714023
21.216157, -28.367789, -2.380442, -1.235577, 1.709856
21.174000, -28.407575, -2.388441, -1.242302, 1.704565
21.131711, -28.446889, -2.395180, -1.244276, 1.696601
21.089378, -28.485744, -2.400951, -1.244465, 1.686414
21.047100, -28.524077, -2.406608, -1.241357, 1.673232
21.004937, -28.561951, -2.412004, -1.240518, 1.663388
20.962813, -28.599427, -2.417067, -1.240270, 1.655854
20.920659, -28.636554, -2.422001, -1.242036, 1.650980
20.878417, -28.673393, -2.426874, -1.245535, 1.648608
20.836031, -28.709994, -2.431760, -1.250605, 1.648461
20.793486, -28.746362, -2.437067, -1.255306, 1.646769
20.750756, -28.782469, -2.443155, -1.262273, 1.647677
20.707741, -28.818352, -2.449687, -1.271183, 1.650260
20.664435, -28.853981, -2.456816, -1.279632, 1.651325
20.620836, -28.889305, -2.464801, -1.288377, 1.651898
20.576906, -28.924280, -2.473636, -1.298989, 1.654068
20.532603, -28.958894, -2.483103, -1.309158, 1.654446
20.487970, -28.993054, -2.493371, -1.319061, 1.653969
20.442974, -29.026745, -2.504149, -1.331353, 1.656783
20.397562, -29.059999, -2.515114, -1.341122, 1.655156
20.351891, -29.092646, -2.526960, -1.349879, 1.652027
20.305821, -29.124743, -2.539192, -1.362466, 1.653445
20.259370, -29.156258, -2.551883, -1.373153, 1.651978
20.212504, -29.187175, -2.564962, -1.386738, 1.654177
20.165172, -29.217514, -2.578260, -1.400081, 1.655843
20.117379, -29.247249, -2.591810, -1.414289, 1.658671
20.069084, -29.276393, -2.605476, -1.429139, 1.662330
20.020289, -29.304932, -2.619258, -1.443880, 1.665991
19.970983, -29.332863, -2.633106, -1.459071, 1.670389
19.921165, -29.360179, -2.646993, -1.473986, 1.674653
19.870840, -29.386868, -2.660914, -1.488881, 1.679144
19.820064, -29.412943, -2.674829, -1.477484, 1.665266
19.769477, -29.438660, -2.688113, -1.490445, 1.664106
19.718299, -29.463250, -2.702275, -1.517984, 1.677446
19.666297, -29.487201, -2.716067, -1.533912, 1.684135
19.613905, -29.510447, -2.730064, -1.546105, 1.687009
19.561029, -29.533029, -2.743984, -1.560028, 1.692069
19.507847, -29.554917, -2.757917, -1.570186, 1.693081
19.454281, -29.576106, -2.771892, -1.583178, 1.697825
19.400283, -29.596602, -2.785843, -1.595080, 1.701516
19.345887, -29.616383, -2.799842, -1.606923, 1.705473
19.291092, -29.635445, -2.813849, -1.618316, 1.709211
19.235918, -29.653775, -2.827889, -1.629343, 1.712858
19.180374, -29.671365, -2.841951, -1.640038, 1.716443
19.124474, -29.688207, -2.856042, -1.650336, 1.719909
19.068228, -29.704290, -2.870160, -1.660297, 1.723325
19.011651, -29.719607, -2.884305, -1.669873, 1.726643
18.954754, -29.734150, -2.898477, -1.679092, 1.729904
18.897550, -29.747909, -2.912677, -1.687931, 1.733086
18.840052, -29.760877, -2.926903, -1.696399, 1.736206
18.782273, -29.773047, -2.941155, -1.704485, 1.739258
18.724202, -29.784416, -2.955331, -1.714569, 1.744774
18.665725, -29.795022, -2.968963, -1.727253, 1.753388
18.606817, -29.804904, -2.981806, -1.739293, 1.761827
18.547553, -29.814091, -2.993910, -1.747899, 1.767160
18.488052, -29.822588, -3.005564, -1.754290, 1.770647
18.428277, -29.830429, -3.016545, -1.763512, 1.777442
18.368220, -29.837667, -3.026727, -1.770274, 1.782041
18.307970, -29.844322, -3.036352, -1.775632, 1.785533
18.247527, -29.850428, -3.045334, -1.781401, 1.789721
18.186908, -29.856025, -3.053638, -1.785920, 1.792877
18.126153, -29.861143, -3.061367, -1.789596, 1.795397
18.065277, -29.865816, -3.068493, -1.793005, 1.797836
18.004296, -29.870079, -3.075011, -1.795738, 1.799752
17.943232, -29.873965, -3.080969, -1.798080, 1.801416
17.882089, -29.877508, -3.086370, -1.800339, 1.803115
17.820874, -29.880739, -3.091251, -1.802353, 1.804662
17.759594, -29.883688, -3.095710, -1.804195, 1.806117
17.698252, -29.886377, -3.099824, -1.806020, 1.807615
17.636849, -29.888825, -3.103668, -1.807804, 1.809122
17.575387, -29.891044, -3.107323, -1.809552, 1.810628
17.513858, -29.893045, -3.110722, -1.811880, 1.812768
17.452239, -29.894857, -3.113480, -1.814610, 1.815355
17.390538, -29.896524, -3.115602, -1.816693, 1.817329
17.328772, -29.898075, -3.117263, -1.818505, 1.819066
17.266947, -29.899540, -3.118434, -1.820187, 1.820698
17.205069, -29.900948, -3.119180, -1.821631, 1.822109
17.143146, -29.902320, -3.119641, -1.822932, 1.823391
17.081179, -29.903672, -3.119870, -1.824134, 1.824583
17.019174, -29.905017, -3.119919, -1.825230, 1.825677
16.957131, -29.906363, -3.119869, -1.826402, 1.826850
16.895046, -29.907714, -3.119789, -1.827662, 1.828113
16.832918, -29.909071, -3.119745, -1.828962, 1.829414
16.770748, -29.910427, -3.119991, -1.830079, 1.830514
16.708545, -29.911750, -3.120783, -1.830942, 1.831349
16.646317, -29.913009, -3.122093, -1.831492, 1.831849
16.584075, -29.914169, -3.123941, -1.831873, 1.832169
16.521821, -29.915200, -3.126247, -1.832162, 1.832390
16.459557, -29.916075, -3.128930, -1.832474, 1.832634
16.397283, -29.916773, -3.131926, -1.832773, 1.832873
16.334998, -29.917276, -3.135180, -1.833157, 1.833210
16.272697, -29.917570, -3.138611, -1.833665, 1.833690
16.210379, -29.917647, 3.141025, -1.834234, 1.834252
16.148040, -29.917500, 3.137396, -1.834849, 1.834883
16.085680, -29.917125, 3.133723, -1.835507, 1.835582
16.023297, -29.916520, 3.130034, -1.836173, 1.836313
15.960892, -29.915684, 3.126343, -1.836821, 1.837052
15.898465, -29.914617, 3.122660, -1.837444, 1.837791
15.836017, -29.913321, 3.118993, -1.838029, 1.838517
15.773550, -29.911796, 3.115343, -1.838567, 1.839219
15.711066, -29.910042, 3.111711, -1.839051, 1.839891
15.648566, -29.908062, 3.108093, -1.839484, 1.840536
15.586052, -29.905855, 3.104489, -1.839868, 1.841154
15.523526, -29.903422, 3.100895, -1.840197, 1.841741
15.460990, -29.900764, 3.097309, -1.840475, 1.842301
15.398444, -29.897881, 3.093729, -1.840705, 1.842835
15.335892, -29.894773, 3.090153, -1.840887, 1.843345
15.273334, -29.891441, 3.086578, -1.841022, 1.843832
15.210773, -29.887884, 3.083004, -1.841113, 1.844298
15.148207, -29.884104, 3.079472, -1.841299, 1.844881
15.085619, -29.880103, 3.076250, -1.842691, 1.846618
15.022976, -29.875925, 3.073902, -1.844047, 1.848270
14.960307, -29.871617, 3.072046, -1.844417, 1.848898
14.897623, -29.867199, 3.070529, -1.844959, 1.849624
14.834921, -29.862701, 3.069545, -1.845471, 1.850268
14.772205, -29.858154, 3.068932, -1.845780, 1.850674
14.709479, -29.853574, 3.068519, -1.846080, 1.851028
14.646744, -29.848974, 3.068340, -1.846347, 1.851320
14.583999, -29.844369, 3.068327, -1.846662, 1.851645
14.521240, -29.839763, 3.068370, -1.847138, 1.852117
14.458463, -29.835161, 3.068457, -1.847671, 1.852640
14.395667, -29.830563, 3.068535, -1.848219, 1.853186
14.332853, -29.825967, 3.068580, -1.848745, 1.853699
14.270021, -29.821373, 3.068640, -1.849211, 1.854163
14.207175, -29.816782, 3.068678, -1.849625, 1.854571
14.144316, -29.812191, 3.068714, -1.849987, 1.854927
14.081445, -29.807602, 3.068734, -1.850299, 1.855240
14.018565, -29.803013, 3.068747, -1.850577, 1.855515
13.955675, -29.798424, 3.068748, -1.850817, 1.855758
13.892778, -29.793834, 3.068748, -1.851044, 1.855984
13.829873, -29.789243, 3.068748, -1.851259, 1.856200
13.766961, -29.784652, 3.068748, -1.851465, 1.856405
13.704042, -29.780061, 3.068748, -1.851659, 1.856599
13.641117, -29.775469, 3.068748, -1.851842, 1.856783
13.578186, -29.770877, 3.068748, -1.852016, 1.856957
13.515249, -29.766284, 3.068748, -1.852177, 1.857121
13.452306, -29.761691, 3.068748, -1.852331, 1.857275
13.389359, -29.757097, 3.068748, -1.852474, 1.857419
13.326406, -29.752504, 3.068748, -1.852609, 1.857554
13.263450, -29.747909, 3.068748, -1.852735, 1.857680
13.200489, -29.743315, 3.068748, -1.852853, 1.857796
13.137525, -29.738720, 3.068748, -1.852959, 1.857904
13.074557, -29.734125, 3.068748, -1.853060, 1.858003
13.011585, -29.729530, 3.068748, -1.853148, 1.858094
12.948611, -29.724935, 3.068748, -1.853233, 1.858176
12.885634, -29.720339, 3.068748, -1.853306, 1.858251
12.822655, -29.715743, 3.068748, -1.853370, 1.858317
12.759674, -29.711147, 3.068748, -1.853430, 1.858375
12.696691, -29.706551, 3.068748, -1.853481, 1.858426
12.633706, -29.701955, 3.068748, -1.853522, 1.858469
12.570720, -29.697358, 3.068748, -1.853558, 1.858505
12.507732, -29.692762, 3.068748, -1.853588, 1.858534
12.444744, -29.688166, 3.068748, -1.853609, 1.858555
12.381756, -29.683569, 3.068748, -1.853623, 1.858570
12.318767, -29.678973, 3.068748, -1.853631, 1.858578
12.255777, -29.674376, 3.068748, -1.853632, 1.858580
12.192788, -29.669779, 3.068748, -1.853629, 1.858574
12.129799, -29.665183, 3.068748, -1.853617, 1.858563
12.066811, -29.660586, 3.068748, -1.853600, 1.858545
12.003823, -29.655990, 3.068748, -1.853575, 1.858522
11.940836, -29.651394, 3.068748, -1.853545, 1.858492
11.877851, -29.646797, 3.068748, -1.853510, 1.858457
11.814621, -29.642317, 3.069115, -1.867353, 1.872207
11.752278, -29.637811, 3.069263, -1.828086, 1.832807
11.689910, -29.633116, 3.069021, -1.816038, 1.821153
11.628173, -29.628595, 3.069082, -1.814289, 1.819008
11.566592, -29.624116, 3.068730, -1.813602, 1.818468
11.505017, -29.619602, 3.068097, -1.813402, 1.818354
11.443457, -29.615036, 3.066718, -1.812673, 1.817875
11.381914, -29.610346, 3.064228, -1.812424, 1.817949
11.320376, -29.605479, 3.061014, -1.812200, 1.818182
11.258794, -29.600407, 3.057082, -1.822290, 1.828507
11.197071, -29.595035, 3.052396, -1.815281, 1.822076
11.135805, -29.589371, 3.045983, -1.796391, 1.804279
11.075356, -29.583278, 3.036663, -1.765906, 1.775514
11.015741, -29.576652, 3.025575, -1.751199, 1.763031
10.956419, -29.569421, 3.015337, -1.743205, 1.757151
10.897214, -29.561623, 3.006259, -1.738553, 1.754530
10.838330, -29.553361, 2.998169, -1.724282, 1.742200
10.780284, -29.544719, 2.988953, -1.694288, 1.714428
10.722947, -29.535602, 2.979178, -1.681264, 1.703666
10.666204, -29.526023, 2.969188, -1.657351, 1.682478
10.610229, -29.515962, 2.958399, -1.639378, 1.667336
10.554810, -29.505382, 2.947406, -1.621577, 1.652765
10.500046, -29.494283, 2.935809, -1.603049, 1.637728
10.445826, -29.482627, 2.923847, -1.588222, 1.626742
10.392141, -29.470402, 2.911443, -1.572075, 1.614806
10.338931, -29.457647, 2.899418, -1.556733, 1.602939
10.286527, -29.444280, 2.885717, -1.533927, 1.585069
10.233988, -29.430129, 2.872134, -1.545580, 1.603072
10.182445, -29.415849, 2.858215, -1.496872, 1.557577
10.131229, -29.400520, 2.843145, -1.501550, 1.571212
10.079998, -29.384286, 2.828078, -1.508611, 1.585869
10.028980, -29.367287, 2.812745, -1.488110, 1.572826
9.978487, -29.349589, 2.796496, -1.486641, 1.579588
9.927929, -29.330974, 2.780829, -1.476788, 1.578559
9.877982, -29.311654, 2.764236, -1.464792, 1.575611
9.828167, -29.291446, 2.748013, -1.460040, 1.581027
9.779909, -29.271444, 2.729631, -1.404159, 1.532004
9.731735, -29.249876, 2.711821, -1.430601, 1.573528
9.683085, -29.227152, 2.695518, -1.418917, 1.573018
9.634972, -29.203672, 2.678340, -1.413209, 1.579650
9.586971, -29.179262, 2.661555, -1.405355, 1.584592
9.539347, -29.154022, 2.644499, -1.396985, 1.589471
9.491942, -29.127811, 2.627478, -1.391833, 1.598154
9.444796, -29.100656, 2.610405, -1.382757, 1.604017
9.397960, -29.072597, 2.593256, -1.373750, 1.609998
9.351432, -29.043627, 2.576080, -1.364177, 1.615989
9.305248, -29.013756, 2.558848, -1.353752, 1.621626
9.259425, -28.982984, 2.541573, -1.342777, 1.627262
9.213989, -28.951318, 2.524250, -1.331000, 1.632604
9.168963, -28.918762, 2.506880, -1.318614, 1.637871
9.124370, -28.885323, 2.489463, -1.305511, 1.642936
9.080232, -28.851007, 2.471997, -1.291774, 1.647892
9.036573, -28.815819, 2.454484, -1.277372, 1.652701
8.993413, -28.779767, 2.436924, -1.262336, 1.657399
8.950774, -28.742859, 2.419315, -1.246665, 1.661980
8.908678, -28.705102, 2.401660, -1.230373, 1.666458
8.867147, -28.666504, 2.383957, -1.213464, 1.670837
8.826199, -28.627074, 2.366209, -1.195948, 1.675123
8.785857, -28.586821, 2.348414, -1.177830, 1.679318
8.746140, -28.545754, 2.330574, -1.159118, 1.683426
8.707069, -28.503883, 2.312690, -1.139818, 1.687449
8.668663, -28.461218, 2.294763, -1.119937, 1.691388
8.630939, -28.417768, 2.276801, -1.099896, 1.695714
8.593914, -28.373542, 2.258809, -1.078964, 1.699555
8.557613, -28.328558, 2.240764, -1.057571, 1.703455
8.522049, -28.282822, 2.222686, -1.035652, 1.707334
8.487245, -28.236350, 2.204566, -1.013107, 1.711020
8.453216, -28.189154, 2.186408, -0.990103, 1.714747
8.419982, -28.141247, 2.168215, -0.966467, 1.718283
8.387560, -28.092645, 2.149984, -0.942256, 1.721674
8.355968, -28.043363, 2.131718, -0.917551, 1.725011
8.325225, -27.993417, 2.113417, -0.892321, 1.728228
8.295346, -27.942823, 2.095082, -0.866604, 1.731370
8.266348, -27.891596, 2.076726, -0.840587, 1.734752
8.238190, -27.839659, 2.058658, -0.817602, 1.743992
8.210803, -27.786938, 2.041150, -0.794566, 1.752950
8.184164, -27.733443, 2.024311, -0.773418, 1.764136
8.158266, -27.679235, 2.008129, -0.750816, 1.771481
8.133162, -27.624461, 1.992486, -0.724969, 1.772744
8.108947, -27.569349, 1.977076, -0.698928, 1.770116
8.085619, -27.513972, 1.961914, -0.672898, 1.766250
8.063147, -27.458301, 1.947266, -0.649969, 1.767582
8.041448, -27.402288, 1.933499, -0.626444, 1.765786
8.020570, -27.346149, 1.920170, -0.601833, 1.759035
8.000496, -27.289915, 1.907339, -0.579618, 1.755125
7.981166, -27.233565, 1.895212, -0.557843, 1.750174
7.962573, -27.177194, 1.883602, -0.536252, 1.743042
7.944689, -27.120824, 1.872550, -0.516444, 1.737558
7.927486, -27.064517, 1.862159, -0.495847, 1.726053
7.910981, -27.008477, 1.852330, -0.475645, 1.712123
7.895155, -26.952784, 1.843099, -0.455787, 1.694208
7.880021, -26.897671, 1.834569, -0.435142, 1.668555
7.865575, -26.843319, 1.826649, -0.415464, 1.641413
7.851784, -26.789788, 1.819363, -0.396444, 1.610697
7.838651, -26.737311, 1.812766, -0.376874, 1.572170
7.826168, -26.686063, 1.806792, -0.358494, 1.532458
7.814310, -26.636157, 1.801456, -0.340116, 1.486780
7.803054, -26.587704, 1.796753, -0.323101, 1.441254
7.792355, -26.540706, 1.792631, -0.307359, 1.396088
7.782170, -26.495158, 1.789078, -0.292850, 1.351433
7.772459, -26.451053, 1.786069, -0.279424, 1.307182
7.763188, -26.408386, 1.783567, -0.266967, 1.263350
7.754325, -26.367146, 1.781557, -0.255438, 1.220068
7.745840, -26.327322, 1.780011, -0.244691, 1.177226
7.737708, -26.288904, 1.778899, -0.234660, 1.134935
7.729906, -26.251877, 1.778200, -0.225269, 1.093175
7.722412, -26.216226, 1.777889, -0.216468, 1.052004
7.715210, -26.181935, 1.777940, -0.208166, 1.011421
7.708281, -26.148985, 1.778348, -0.200374, 0.971554
7.701611, -26.117356, 1.779131, -0.193037, 0.932372
7.695185, -26.087027, 1.780314, -0.186131, 0.893865
7.688987, -26.057978, 1.781949, -0.179655, 0.855965
7.683004, -26.030189, 1.784066, -0.173564, 0.818708
7.677222, -26.003641, 1.786690, -0.167849, 0.782090
7.671630, -25.978315, 1.789849, -0.162475, 0.746115
7.666217, -25.954189, 1.793571, -0.157379, 0.710759
7.660972, -25.931246, 1.797887, -0.152603, 0.676091
7.655876, -25.909431, 1.802717, -0.148673, 0.645928
7.650868, -25.888447, 1.807236, -0.145861, 0.624970
7.645974, -25.868282, 1.811535, -0.142489, 0.596712
7.641214, -25.849084, 1.816131, -0.138573, 0.570281
7.636561, -25.830670, 1.820607, -0.135490, 0.549055
7.632020, -25.813009, 1.824971, -0.132148, 0.525400
7.627600, -25.796143, 1.829423, -0.128639, 0.503023
7.623288, -25.779976, 1.833808, -0.125554, 0.483495
7.619082, -25.764470, 1.838122, -0.122419, 0.463618
7.614985, -25.749624, 1.842444, -0.119311, 0.444890
7.610985, -25.735371, 1.846711, -0.116538, 0.428255
7.607077, -25.721663, 1.850909, -0.113964, 0.412592
7.603252, -25.708459, 1.855058, -0.111649, 0.398504
7.599499, -25.695699, 1.859132, -0.109705, 0.386290
7.595808, -25.683332, 1.863122, -0.108020, 0.375277
7.592170, -25.671319, 1.867040, -0.106555, 0.365441
7.588578, -25.659621, 1.870876, -0.105305, 0.356718
7.585026, -25.648208, 1.874628, -0.104183, 0.348682
7.581512, -25.637060, 1.878305, -0.103129, 0.341178
7.578032, -25.626161, 1.881902, -0.102117, 0.334107
7.574586, -25.615500, 1.885419, -0.101090, 0.327208
7.571176, -25.605074, 1.888858, -0.100010, 0.320292
7.567805, -25.594884, 1.892221, -0.098843, 0.313140
7.564476, -25.584935, 1.895508, -0.097537, 0.306148
7.561192, -25.575222, 1.898726, -0.096242, 0.299256
7.557951, -25.565738, 1.901863, -0.094935, 0.292510
7.554756, -25.556482, 1.904924, -0.093560, 0.285735
7.551608, -25.547452, 1.907911, -0.092159, 0.279073
7.548509, -25.538643, 1.910825, -0.090716, 0.272446
7.545459, -25.530055, 1.913667, -0.089250, 0.265920
7.542460, -25.521683, 1.916440, -0.087760, 0.259474
7.539512, -25.513524, 1.919144, -0.086254, 0.253134
7.536615, -25.505573, 1.921782, -0.084737, 0.246897
7.533771, -25.497828, 1.924355, -0.083212, 0.240773
7.530978, -25.490283, 1.926863, -0.081682, 0.234762
7.528237, -25.482935, 1.929308, -0.080151, 0.228866
7.525549, -25.475779, 1.931692, -0.078620, 0.223086
7.522912, -25.468812, 1.934016, -0.077091, 0.217419
7.520328, -25.462029, 1.936280, -0.075565, 0.211865
7.517795, -25.455427, 1.938486, -0.074044, 0.206421
7.515315, -25.449002, 1.940635, -0.072528, 0.201085
7.512885, -25.442749, 1.942729, -0.071019, 0.195855
7.510507, -25.436665, 1.944767, -0.069517, 0.190727
7.508180, -25.430747, 1.946752, -0.068022, 0.185700
7.505904, -25.424990, 1.948684, -0.066689, 0.181215
7.503632, -25.419276, 1.950607, -0.067692, 0.182911
7.501323, -25.413500, 1.952548, -0.069450, 0.186713
7.498917, -25.407520, 1.954563, -0.072861, 0.194810
7.496398, -25.401292, 1.956658, -0.076212, 0.202677
7.493764, -25.394824, 1.958840, -0.079549, 0.210421
7.491018, -25.388120, 1.961102, -0.082882, 0.218015
7.488158, -25.381187, 1.963446, -0.086202, 0.225458
7.485185, -25.374028, 1.965867, -0.089521, 0.232769
7.482100, -25.366650, 1.968366, -0.092833, 0.239936
7.478902, -25.359056, 1.970941, -0.096145, 0.246975
7.475592, -25.351253, 1.973589, -0.099455, 0.253881
7.472169, -25.343245, 1.976311, -0.102766, 0.260662
7.468634, -25.335036, 1.979104, -0.106078, 0.267318
7.464986, -25.326631, 1.981967, -0.109393, 0.273853
7.461226, -25.318036, 1.984898, -0.112710, 0.280268
7.457352, -25.309253, 1.987897, -0.116032, 0.286568
7.453366, -25.300289, 1.990962, -0.119357, 0.292752
7.449267, -25.291147, 1.994093, -0.122688, 0.298824
7.445054, -25.281831, 1.997287, -0.126024, 0.304785
7.440728, -25.272346, 2.000544, -0.129366, 0.310637
7.436289, -25.262696, 2.003862, -0.132713, 0.316382
7.431735, -25.252886, 2.007241, -0.136067, 0.322023
7.427068, -25.242919, 2.010678, -0.139428, 0.327560
7.422286, -25.232800, 2.014175, -0.142796, 0.332995
7.417390, -25.222532, 2.017728, -0.146170, 0.338331
7.412379, -25.212120, 2.021337, -0.149551, 0.343569
7.407253, -25.201567, 2.025002, -0.152940, 0.348710
7.402012, -25.190878, 2.028720, -0.156335, 0.353757
7.396655, -25.180057, 2.032492, -0.159738, 0.358711
7.391183, -25.169106, 2.036315, -0.163148, 0.363574
7.385594, -25.158030, 2.040190, -0.166565, 0.368348
7.379890, -25.146833, 2.044115, -0.169989, 0.373033
7.374026, -25.135434, 2.048122, -0.176235, 0.383642
7.367942, -25.123726, 2.052241, -0.182698, 0.394572
7.361640, -25.111720, 2.056477, -0.189156, 0.405237
7.355117, -25.099422, 2.060825, -0.195657, 0.415745
7.348373, -25.086842, 2.065284, -0.202007, 0.425997
7.341403, -25.073982, 2.069810, -0.208940, 0.436835
7.334196, -25.060823, 2.074285, -0.215878, 0.447681
7.326759, -25.047387, 2.078720, -0.222496, 0.457698
7.319109, -25.033708, 2.083107, -0.228357, 0.465419
7.311277, -25.019850, 2.087439, -0.233248, 0.471618
7.303285, -25.005848, 2.091679, -0.237762, 0.477301
7.295150, -24.991733, 2.095798, -0.241583, 0.481506
7.286898, -24.977549, 2.099810, -0.244693, 0.484373
7.278548, -24.963328, 2.103695, -0.247261, 0.486285
7.270122, -24.949100, 2.107435, -0.249163, 0.486949
7.261643, -24.934902, 2.111033, -0.250430, 0.486494
7.253128, -24.920758, 2.114482, -0.251277, 0.485365
7.244589, -24.906681, 2.117778, -0.251864, 0.483864
7.236032, -24.892677, 2.120923, -0.252390, 0.482384
7.227454, -24.878736, 2.123921, -0.253087, 0.481371
7.218848, -24.864839, 2.126774, -0.254130, 0.481133
7.210198, -24.850959, 2.129488, -0.255659, 0.481924
7.201487, -24.837062, 2.132070, -0.257793, 0.483950
7.192691, -24.823109, 2.134523, -0.260598, 0.487308
7.183790, -24.809063, 2.136858, -0.264042, 0.491916
7.174762, -24.794889, 2.139096, -0.268035, 0.497590
7.165592, -24.780560, 2.141261, -0.272487, 0.504147
7.156263, -24.766053, 2.143374, -0.277299, 0.511369
7.146768, -24.751353, 2.145456, -0.282365, 0.519034
7.137097, -24.736451, 2.147528, -0.287595, 0.526962
7.127247, -24.721341, 2.149605, -0.292918, 0.535046
7.117215, -24.706023, 2.151699, -0.298304, 0.543244
7.107000, -24.690496, 2.153818, -0.303725, 0.551469
7.096600, -24.674763, 2.155967, -0.309150, 0.559658
7.086017, -24.658826, 2.158158, -0.314565, 0.567666
7.075251, -24.642691, 2.160402, -0.319952, 0.575484
7.064301, -24.626361, 2.162672, -0.325299, 0.583111
7.053171, -24.609846, 2.164979, -0.330549, 0.590502
7.041832, -24.593103, 2.167324, -0.338323, 0.602274
7.030202, -24.576019, 2.169724, -0.346988, 0.615529
7.018279, -24.558594, 2.172179, -0.355569, 0.628492
7.006066, -24.540840, 2.174688, -0.364075, 0.641184
6.993564, -24.522766, 2.177249, -0.372511, 0.653616
6.980777, -24.504381, 2.179862, -0.380884, 0.665803
6.967706, -24.485693, 2.182523, -0.389200, 0.677755
6.954354, -24.466711, 2.185232, -0.397462, 0.689482
6.940722, -24.447443, 2.187988, -0.405675, 0.700992
6.926811, -24.427897, 2.190790, -0.413838, 0.712287
6.912624, -24.408082, 2.193640, -0.421894, 0.723171
6.898165, -24.388009, 2.196540, -0.429870, 0.733811
6.883436, -24.367686, 2.199477, -0.437797, 0.744281
6.868438, -24.347121, 2.202455, -0.445654, 0.754511
6.853174, -24.326323, 2.205474, -0.453451, 0.764528
6.837646, -24.305298, 2.208531, -0.461200, 0.774349
6.821855, -24.284055, 2.211627, -0.468891, 0.783963
6.805803, -24.262601, 2.214760, -0.476529, 0.793376
6.789493, -24.240943, 2.217929, -0.484116, 0.802598
6.772925, -24.219090, 2.221134, -0.491651, 0.811628
6.756101, -24.197047, 2.224374, -0.499164, 0.820499
6.739026, -24.174823, 2.227715, -0.506558, 0.829033
6.721709, -24.152447, 2.231343, -0.513672, 0.836732
6.704137, -24.129920, 2.235312, -0.521737, 0.845760
6.686286, -24.107231, 2.239639, -0.530034, 0.854245
6.668149, -24.084400, 2.244403, -0.538690, 0.863081
6.649721, -24.061440, 2.249510, -0.546901, 0.870504
6.631027, -24.038406, 2.254997, -0.554280, 0.876216
6.612097, -24.015349, 2.260739, -0.561715, 0.883124
6.592881, -23.992193, 2.266255, -0.568717, 0.887724
6.573534, -23.969153, 2.272322, -0.572361, 0.886846
6.553988, -23.946170, 2.278583, -0.578911, 0.890813
6.534269, -23.923275, 2.285093, -0.582961, 0.889877
6.514396, -23.900517, 2.291947, -0.588287, 0.891280
6.494340, -23.877864, 2.299002, -0.593296, 0.891569
6.474121, -23.855358, 2.306383, -0.598395, 0.891919
6.453710, -23.832979, 2.314012, -0.604252, 0.893152
6.433104, -23.810735, 2.321931, -0.610147, 0.894141
6.412283, -23.788620, 2.330135, -0.616917, 0.896249
6.391196, -23.766593, 2.338479, -0.625808, 0.901470
6.369778, -23.744590, 2.346804, -0.636003, 0.908347
6.347981, -23.722564, 2.354964, -0.647974, 0.918020
6.325776, -23.700481, 2.362883, -0.659689, 0.927098
6.303166, -23.678344, 2.370620, -0.672042, 0.937264
6.280099, -23.656091, 2.377955, -0.685546, 0.949523
6.256620, -23.633758, 2.384998, -0.696846, 0.958698
6.232767, -23.611379, 2.391722, -0.707057, 0.966766
6.208637, -23.589037, 2.398205, -0.713056, 0.968005
6.184362, -23.566868, 2.404824, -0.716740, 0.967304
6.159893, -23.544822, 2.411267, -0.724027, 0.972093
6.135174, -23.522813, 2.417112, -0.730018, 0.974826
6.110322, -23.500942, 2.422795, -0.733067, 0.973804
6.085346, -23.479213, 2.428258, -0.737255, 0.975005
6.060231, -23.457590, 2.433305, -0.740735, 0.975282
6.035027, -23.436106, 2.438095, -0.742841, 0.974002
6.009753, -23.414766, 2.442619, -0.744881, 0.973049
5.984415, -23.393560, 2.446796, -0.746418, 0.971639
5.959042, -23.372496, 2.450679, -0.747124, 0.969405
5.933651, -23.351580, 2.454274, -0.747442, 0.966984
5.908256, -23.330805, 2.457546, -0.747299, 0.964215
5.882876, -23.310175, 2.460512, -0.746570, 0.960945
5.857530, -23.289691, 2.463179, -0.745396, 0.957383
5.832230, -23.269349, 2.465533, -0.743793, 0.953527
5.806992, -23.249149, 2.467579, -0.741753, 0.949350
5.781831, -23.229088, 2.469321, -0.739300, 0.944904
5.756760, -23.209164, 2.470755, -0.736492, 0.940246
5.731788, -23.189371, 2.471883, -0.733452, 0.935528
5.706921, -23.169701, 2.472710, -0.730403, 0.931035
5.682154, -23.150137, 2.473235, -0.727600, 0.927082
5.657474, -23.130657, 2.473458, -0.725280, 0.923969
5.632863, -23.111234, 2.473384, -0.723605, 0.921873
5.608297, -23.091839, 2.473048, -0.722668, 0.920923
5.583747, -23.072437, 2.472430, -0.722667, 0.921410
5.559179, -23.052990, 2.471499, -0.723679, 0.923356
5.534561, -23.033461, 2.470315, -0.725635, 0.926678
5.509864, -23.013817, 2.468932, -0.728348, 0.931149
5.485064, -22.994032, 2.467370, -0.731666, 0.936560
5.460141, -22.974080, 2.465713, -0.736065, 0.943305
5.435066, -22.953939, 2.464049, -0.741119, 0.951125
5.409814, -22.933587, 2.462678, -0.747119, 0.959521
5.384362, -22.913033, 2.461876, -0.752214, 0.967072
5.358729, -22.892302, 2.461198, -0.757331, 0.974279
5.332917, -22.871399, 2.460709, -0.762994, 0.981840
5.306916, -22.850328, 2.460556, -0.768685, 0.989173
5.280725, -22.829105, 2.460783, -0.774225, 0.996159
5.254341, -22.807744, 2.461341, -0.779707, 1.002840
5.227767, -22.786260, 2.462201, -0.785313, 1.009328
5.201003, -22.764667, 2.463379, -0.790916, 1.015587
5.174046, -22.742978, 2.464820, -0.796573, 1.021685
5.146896, -22.721203, 2.466484, -0.802262, 1.027633
5.119552, -22.699350, 2.468319, -0.807998, 1.033487
5.092011, -22.677427, 2.470285, -0.813757, 1.039245
5.064273, -22.655438, 2.472343, -0.819528, 1.044926
5.036340, -22.633388, 2.474475, -0.825274, 1.050441
5.008221, -22.611293, 2.476896, -0.830720, 1.055190
4.979920, -22.589178, 2.479821, -0.836150, 1.059653
4.951430, -22.567060, 2.483217, -0.841795, 1.063992
4.922747, -22.544959, 2.487096, -0.847679, 1.068209
4.893855, -22.522887, 2.491447, -0.853919, 1.072491
4.864753, -22.500867, 2.496268, -0.860059, 1.076237
4.835444, -22.478924, 2.501554, -0.866061, 1.079443
4.805936, -22.457087, 2.507295, -0.871696, 1.081825
4.776246, -22.435390, 2.513482, -0.876788, 1.083204
4.746364, -22.413844, 2.519971, -0.883679, 1.087254
4.716277, -22.392438, 2.526639, -0.887863, 1.086847
4.686071, -22.371269, 2.533887, -0.892298, 1.086913
4.655673, -22.350296, 2.541400, -0.897937, 1.088123
4.625112, -22.329556, 2.549317, -0.902638, 1.087904
4.594356, -22.309046, 2.557546, -0.909193, 1.089910
4.563377, -22.288758, 2.566017, -0.915623, 1.091493
4.532165, -22.268699, 2.574729, -0.923048, 1.094256
4.500687, -22.248858, 2.583588, -0.931000, 1.097532
4.468936, -22.229239, 2.592588, -0.939268, 1.101147
4.436892, -22.209837, 2.601679, -0.948050, 1.105355
4.404549, -22.190655, 2.610839, -0.956900, 1.109622
4.371900, -22.171696, 2.620052, -0.965941, 1.114123
4.338944, -22.152962, 2.629298, -0.974937, 1.118575
4.305681, -22.134459, 2.638574, -0.983886, 1.123005
4.272114, -22.116193, 2.647872, -0.992744, 1.127369
4.238246, -22.098170, 2.657189, -1.001449, 1.131597
4.204083, -22.080396, 2.666524, -1.010074, 1.135806
4.169629, -22.062878, 2.675869, -1.018529, 1.139881
4.134892, -22.045624, 2.685241, -1.026733, 1.143725
4.099878, -22.028639, 2.694635, -1.034853, 1.147530
4.064591, -22.011930, 2.704055, -1.042780, 1.151173
4.029037, -21.995504, 2.713500, -1.050590, 1.154746
3.993220, -21.979366, 2.722972, -1.058245, 1.158207
3.957144, -21.963521, 2.732471, -1.065773, 1.161591
3.920816, -21.947975, 2.741996, -1.073211, 1.164929
3.884195, -21.932714, 2.751377, -1.083255, 1.171406
3.847223, -21.917702, 2.760397, -1.093061, 1.177666
3.809929, -21.902942, 2.769114, -1.102586, 1.183859
3.772315, -21.888425, 2.777497, -1.111644, 1.189720
3.734407, -21.874153, 2.785590, -1.119948, 1.194950
3.696228, -21.860125, 2.793421, -1.127708, 1.199759
3.657766, -21.846327, 2.800848, -1.136531, 1.206028
3.619018, -21.832734, 2.807716, -1.144173, 1.211241
3.580051, -21.819350, 2.814080, -1.148534, 1.213020
3.541016, -21.806224, 2.820366, -1.149662, 1.211579
3.501880, -21.793336, 2.826283, -1.153982, 1.213956
3.462620, -21.780644, 2.831557, -1.156150, 1.214070
3.423332, -21.768166, 2.836549, -1.156561, 1.212553
3.384011, -21.755887, 2.841164, -1.157992, 1.212374
3.344644, -21.743781, 2.845294, -1.159028, 1.211884
3.305251, -21.731837, 2.849086, -1.159860, 1.211350
3.265817, -21.720038, 2.852528, -1.161357, 1.211682
3.226329, -21.708361, 2.855615, -1.163049, 1.212317
3.186781, -21.696794, 2.858462, -1.164910, 1.213230
3.147164, -21.685325, 2.861114, -1.167169, 1.214651
3.107466, -21.673942, 2.863603, -1.169648, 1.216351
3.067682, -21.662640, 2.865994, -1.172253, 1.218222
3.027808, -21.651413, 2.868326, -1.175009, 1.220284
2.987838, -21.640259, 2.870619, -1.177842, 1.222444
2.947773, -21.629178, 2.872903, -1.180713, 1.224659
2.907612, -21.618169, 2.875190, -1.183616, 1.226918
2.867356, -21.607233, 2.877516, -1.186327, 1.228936
2.827007, -21.596374, 2.879870, -1.189123, 1.231070
2.786565, -21.585591, 2.882229, -1.191759, 1.233013
2.746035, -21.574888, 2.884608, -1.194348, 1.234922
2.705418, -21.564265, 2.886995, -1.196845, 1.236729
2.664717, -21.553725, 2.889396, -1.199280, 1.238477
2.623934, -21.543268, 2.891805, -1.201651, 1.240159
2.583072, -21.532895, 2.894221, -1.203967, 1.241788
2.542132, -21.522608, 2.896643, -1.206233, 1.243368
2.501116, -21.512408, 2.899071, -1.208452, 1.244904
2.460025, -21.502295, 2.901502, -1.210628, 1.246400
2.418861, -21.492270, 2.903936, -1.212765, 1.247860
2.377625, -21.482334, 2.906374, -1.214863, 1.249285
2.336318, -21.472487, 2.908814, -1.216924, 1.250677
2.294942, -21.462730, 2.911257, -1.218943, 1.252034
2.253490, -21.453063, 2.913581, -1.221418, 1.253956
2.211952, -21.443468, 2.915522, -1.223778, 1.255805
2.170340, -21.433934, 2.917117, -1.225840, 1.257464
2.128660, -21.424446, 2.918253, -1.227614, 1.258972
2.086924, -21.414982, 2.918799, -1.228955, 1.260194
2.045151, -21.405521, 2.918767, -1.229848, 1.261108
2.003355, -21.396042, 2.918255, -1.230328, 1.261735
1.961550, -21.386529, 2.917306, -1.230415, 1.262103
1.919747, -21.376965, 2.915916, -1.230275, 1.262339
1.877955, -21.367334, 2.914047, -1.229608, 1.262253
1.836197, -21.357614, 2.911524, -1.228355, 1.261720
1.794482, -21.347779, 2.908398, -1.227221, 1.261475
1.752803, -21.337804, 2.904832, -1.226228, 1.261517
1.711168, -21.327673, 2.900843, -1.224666, 1.261147
1.669581, -21.317369, 2.896493, -1.223452, 1.261232
1.628037, -21.306878, 2.891881, -1.222241, 1.261449
1.586507, -21.296182, 2.887285, -1.222807, 1.263432
1.544960, -21.285286, 2.882948, -1.223235, 1.265321
1.503380, -21.274195, 2.879051, -1.224637, 1.268019
1.461770, -21.262936, 2.875647, -1.225048, 1.269647
1.420150, -21.251531, 2.872618, -1.225263, 1.270950
1.378525, -21.239993, 2.869934, -1.225613, 1.272217
1.336886, -21.228343, 2.867734, -1.226007, 1.273401
1.295240, -21.216603, 2.865969, -1.226037, 1.274088
1.253595, -21.204790, 2.864576, -1.226113, 1.274654
1.211945, -21.192923, 2.863614, -1.226239, 1.275128
1.170292, -21.181022, 2.863077, -1.226415, 1.275513
1.128625, -21.169102, 2.862948, -1.227062, 1.276224
1.086933, -21.157178, 2.863254, -1.227875, 1.276953
1.045214, -21.145270, 2.864003, -1.228663, 1.277501
1.003457, -21.133395, 2.865190, -1.230113, 1.278571
0.961650, -21.121569, 2.866827, -1.231629, 1.279552
0.919792, -21.109813, 2.868923, -1.233149, 1.280372
0.877881, -21.098148, 2.871488, -1.234737, 1.281107
0.835915, -21.086593, 2.874521, -1.236400, 1.281757
0.793892, -21.075171, 2.878035, -1.238106, 1.282300
0.751810, -21.063901, 2.882036, -1.239906, 1.282786
0.709663, -21.052807, 2.886523, -1.241677, 1.283113
0.667441, -21.041907, 2.891444, -1.244307, 1.284230
0.625136, -21.031215, 2.896751, -1.246219, 1.284429
0.582769, -21.020761, 2.902535, -1.248087, 1.284528
0.540351, -21.010564, 2.908747, -1.249080, 1.283606
0.497918, -21.000656, 2.915410, -1.248941, 1.281464
0.455451, -20.991042, 2.922230, -1.251638, 1.282452
0.412981, -20.981723, 2.929216, -1.248374, 1.276980
0.370625, -20.972760, 2.936788, -1.246672, 1.273293
0.328303, -20.964139, 2.944547, -1.244676, 1.269220
0.286106, -20.955894, 2.952741, -1.240555, 1.262986
0.244022, -20.948037, 2.961254, -1.237482, 1.257882
0.202076, -20.940580, 2.970085, -1.232485, 1.250818
0.160303, -20.933542, 2.979269, -1.227633, 1.243984
0.118692, -20.926930, 2.988696, -1.223210, 1.237667
0.077205, -20.920740, 2.998222, -1.219847, 1.232511
0.035833, -20.914971, 3.007889, -1.216749, 1.227722
-0.005464, -20.909623, 3.017663, -1.215273, 1.224688
-0.046722, -20.904690, 3.027521, -1.214411, 1.222366
-0.088004, -20.900169, 3.037339, -1.217306, 1.224002
-0.129434, -20.896034, 3.046811, -1.221986, 1.227543
-0.171014, -20.892275, 3.055979, -1.226457, 1.231006
-0.212771, -20.888878, 3.064781, -1.232102, 1.235787
-0.254770, -20.885817, 3.073037, -1.240218, 1.243208
-0.296982, -20.883072, 3.080755, -1.244310, 1.246672
-0.339277, -20.880641, 3.088067, -1.243711, 1.245516
-0.381449, -20.878535, 3.095432, -1.238891, 1.240220
-0.423510, -20.876752, 3.102709, -1.238413, 1.239386
-0.465606, -20.875253, 3.109223, -1.238582, 1.239265
-0.507608, -20.874020, 3.115390, -1.233731, 1.234175
-0.549461, -20.873051, 3.121338, -1.230444, 1.230725
-0.591214, -20.872320, 3.126756, -1.227102, 1.227264
-0.632815, -20.871808, 3.131797, -1.221832, 1.221916
-0.674237, -20.871502, 3.136514, -1.216781, 1.216822
-0.715488, -20.871383, 3.140791, -1.211582, 1.211607
-0.756550, -20.871431, -3.138504, -1.205785, 1.205815
-0.797417, -20.871631, -3.134971, -1.200177, 1.200227
-0.838090, -20.871966, -3.131851, -1.194382, 1.194461
-0.878559, -20.872418, -3.129120, -1.188151, 1.188266
-0.918811, -20.872970, -3.126761, -1.181710, 1.181862
-0.958842, -20.873605, -3.124799, -1.175103, 1.175290
-0.998643, -20.874307, -3.123224, -1.168285, 1.168504
-1.038210, -20.875060, -3.122028, -1.161363, 1.161606
-1.077541, -20.875848, -3.121216, -1.154389, 1.154649
-1.116633, -20.876656, -3.120789, -1.147387, 1.147655
-1.155487, -20.877468, -3.120739, -1.140401, 1.140670
-1.194104, -20.878270, -3.121062, -1.133487, 1.133747
-1.232489, -20.879047, -3.121762, -1.126802, 1.127044
-1.270653, -20.879786, -3.122845, -1.120525, 1.120743
-1.308614, -20.880473, -3.124306, -1.114851, 1.115039
-1.346394, -20.881094, -3.126146, -1.109950, 1.110104
-1.384022, -20.881637, -3.128372, -1.105976, 1.106095
-1.421534, -20.882086, -3.130987, -1.103057, 1.103143
-1.458965, -20.882430, -3.133990, -1.101281, 1.101339
-1.496357, -20.882654, -3.137353, -1.100725, 1.100761
-1.533751, -20.882746, -3.141019, -1.101340, 1.101368
-1.571183, -20.882697, 3.138252, -1.102951, 1.102986
-1.608685, -20.882496, 3.134138, -1.105381, 1.105442
-1.646280, -20.882138, 3.129857, -1.108305, 1.108412
-1.683981, -20.881614, 3.125418, -1.111556, 1.111734
-1.721808, -20.880916, 3.120879, -1.115919, 1.116185
-1.759817, -20.880044, 3.116573, -1.121746, 1.122121
-1.798009, -20.879012, 3.112590, -1.126721, 1.127221
-1.836365, -20.877827, 3.108868, -1.131565, 1.132195
-1.874888, -20.876499, 3.105489, -1.136401, 1.137164
-1.913566, -20.875042, 3.102427, -1.140716, 1.141615
-1.952385, -20.873466, 3.099609, -1.144715, 1.145749
-1.991336, -20.871778, 3.097006, -1.148517, 1.149684
-2.030412, -20.869987, 3.094573, -1.152058, 1.153359
-2.069605, -20.868097, 3.092254, -1.155399, 1.156834
-2.108909, -20.866113, 3.090014, -1.158596, 1.160167
-2.148320, -20.864035, 3.087823, -1.161647, 1.163357
-2.187832, -20.861866, 3.085653, -1.164571, 1.166429
-2.227447, -20.859605, 3.083599, -1.167843, 1.169829
-2.267177, -20.857262, 3.081908, -1.171231, 1.173335
-2.307016, -20.854854, 3.080586, -1.174222, 1.176429
-2.346953, -20.852392, 3.079546, -1.177033, 1.179320
-2.386996, -20.849888, 3.078808, -1.181883, 1.184235
-2.427294, -20.847344, 3.078327, -1.190657, 1.193065
-2.467888, -20.844765, 3.078036, -1.199231, 1.201680
-2.508769, -20.842159, 3.077900, -1.207631, 1.210110
-2.549934, -20.839534, 3.078039, -1.215879, 1.218346
-2.591373, -20.836907, 3.078680, -1.223806, 1.226239
-2.633079, -20.834300, 3.079743, -1.231590, 1.233963
-2.675046, -20.831728, 3.081142, -1.239148, 1.241428
-2.717266, -20.829207, 3.082891, -1.246494, 1.248658
-2.759735, -20.826752, 3.084926, -1.253826, 1.255859
-2.802454, -20.824375, 3.087161, -1.261120, 1.263010
-2.845419, -20.822085, 3.089557, -1.268325, 1.270064
-2.888628, -20.819888, 3.092073, -1.275492, 1.277080
-2.932081, -20.817789, 3.094664, -1.282579, 1.284015
-2.975772, -20.815795, 3.097321, -1.289516, 1.290802
-3.019699, -20.813908, 3.100034, -1.296378, 1.297519
-3.063862, -20.812131, 3.102727, -1.303384, 1.304393
-3.108259, -20.810463, 3.105391, -1.310062, 1.310942
-3.152879, -20.808906, 3.108083, -1.316572, 1.317334
-3.197721, -20.807463, 3.110768, -1.323062, 1.323714
-3.242780, -20.806133, 3.113437, -1.329378, 1.329927
-3.288052, -20.804918, 3.116108, -1.335537, 1.335993
-3.333531, -20.803819, 3.118779, -1.341597, 1.341969
-3.379214, -20.802837, 3.121444, -1.347514, 1.347810
-3.425095, -20.801973, 3.124114, -1.353289, 1.353518
-3.471171, -20.801228, 3.126790, -1.358952, 1.359123
-3.517437, -20.800605, 3.129469, -1.364486, 1.364609
-3.563889, -20.800103, 3.132156, -1.369894, 1.369978
-3.610523, -20.799725, 3.134852, -1.375189, 1.375243
-3.657335, -20.799472, 3.137556, -1.380366, 1.380400
-3.704321, -20.799346, 3.140270, -1.385427, 1.385451
-3.751477, -20.799347, -3.140191, -1.390378, 1.390402
-3.798799, -20.799477, -3.137457, -1.395219, 1.395254
-3.846285, -20.799738, -3.134714, -1.399951, 1.400007
-3.893929, -20.800131, -3.131961, -1.404577, 1.404666
-3.941729, -20.800657, -3.129198, -1.409099, 1.409231
-3.989680, -20.801317, -3.126427, -1.413518, 1.413705
-4.037781, -20.802112, -3.123647, -1.417836, 1.418088
-4.086026, -20.803045, -3.120859, -1.422054, 1.422384
-4.134413, -20.804115, -3.118062, -1.426174, 1.426593
-4.182938, -20.805325, -3.115258, -1.430197, 1.430717
-4.231599, -20.806674, -3.112445, -1.434125, 1.434758
-4.280391, -20.808165, -3.109625, -1.437958, 1.438718
-4.329312, -20.809798, -3.106798, -1.441699, 1.442596
-4.378359, -20.811574, -3.103964, -1.445348, 1.446396
-4.427528, -20.813494, -3.101123, -1.448907, 1.450119
-4.476817, -20.815561, -3.098286, -1.452447, 1.453833
-4.526236, -20.817770, -3.095696, -1.456630, 1.458174
-4.575798, -20.820101, -3.093647, -1.460802, 1.462487
-4.625496, -20.822525, -3.092242, -1.464617, 1.466404
-4.675316, -20.825008, -3.091487, -1.467957, 1.469805
-4.725243, -20.827520, -3.091331, -1.471094, 1.472955
-4.775274, -20.830030, -3.091753, -1.473968, 1.475805
-4.825399, -20.832511, -3.092673, -1.476718, 1.478492
-4.875617, -20.834938, -3.094096, -1.479479, 1.481154
-4.925934, -20.837284, -3.096051, -1.482513, 1.484056
-4.976351, -20.839523, -3.098534, -1.485358, 1.486740
-5.026864, -20.841628, -3.101551, -1.488356, 1.489555
-5.077488, -20.843570, -3.105130, -1.491738, 1.492735
-5.128225, -20.845320, -3.109273, -1.494984, 1.495772
-5.179071, -20.846849, -3.113979, -1.498035, 1.498614
-5.230027, -20.848126, -3.119214, -1.501623, 1.502011
-5.281098, -20.849126, -3.124904, -1.504374, 1.504595
-5.332253, -20.849820, -3.131159, -1.506762, 1.506859
-5.383476, -20.850180, -3.137927, -1.508123, 1.508151
-5.434721, -20.850176, 3.137953, -1.508194, 1.508227
-5.486013, -20.849793, 3.130478, -1.510950, 1.511063
-5.537287, -20.849030, 3.122683, -1.506828, 1.507131
-5.588439, -20.847845, 3.114248, -1.505176, 1.505765
-5.639535, -20.846227, 3.105551, -1.501937, 1.502949
-5.690469, -20.844156, 3.096316, -1.496927, 1.498502
-5.741253, -20.841611, 3.086701, -1.492442, 1.494732
-5.791843, -20.838578, 3.076672, -1.485652, 1.488838
-5.842198, -20.835040, 3.066217, -1.478774, 1.483032
-5.892304, -20.830983, 3.055426, -1.471394, 1.476916
-5.942187, -20.826399, 3.044469, -1.465144, 1.472124
-5.991844, -20.821281, 3.033286, -1.458396, 1.467046
-6.041303, -20.815618, 3.021894, -1.453538, 1.464062
-6.090623, -20.809396, 3.010396, -1.450937, 1.463544
-6.139946, -20.802602, 2.999147, -1.452742, 1.467610
-6.189326, -20.795243, 2.988222, -1.454332, 1.471623
-6.238787, -20.787327, 2.977636, -1.457412, 1.477223
-6.288351, -20.778865, 2.967428, -1.460094, 1.482535
-6.338001, -20.769874, 2.957525, -1.462582, 1.487708
-6.387750, -20.760363, 2.947995, -1.466486, 1.494375
-6.437672, -20.750345, 2.939116, -1.471636, 1.502278
-6.487736, -20.739853, 2.930805, -1.475641, 1.508961
-6.537934, -20.728918, 2.923171, -1.478645, 1.514521
-6.588158, -20.717591, 2.916071, -1.476294, 1.514684
-6.638233, -20.705916, 2.908946, -1.471380, 1.512190
-6.688207, -20.693886, 2.902135, -1.471213, 1.514310
-6.738178, -20.681528, 2.896232, -1.469599, 1.514930
-6.788026, -20.668899, 2.890670, -1.464753, 1.512134
-6.837732, -20.656015, 2.885453, -1.461561, 1.510782
-6.887329, -20.642902, 2.880867, -1.457898, 1.508840
-6.936777, -20.629597, 2.876714, -1.453047, 1.505532
-6.986064, -20.616126, 2.872975, -1.448575, 1.502390
-7.035199, -20.602512, 2.869774, -1.443994, 1.498964
-7.084172, -20.588788, 2.867042, -1.439145, 1.495090
-7.132982, -20.574977, 2.864760, -1.434508, 1.491216
-7.181637, -20.561102, 2.862980, -1.430009, 1.487289
-7.230211, -20.547093, 2.861594, -1.439252, 1.501336
-7.278541, -20.533031, 2.859786, -1.412893, 1.473386
-7.326370, -20.519133, 2.858758, -1.410802, 1.471915
-7.374051, -20.505239, 2.857034, -1.400482, 1.460125
-7.421520, -20.491360, 2.855855, -1.395591, 1.455079
-7.468824, -20.477484, 2.854859, -1.390546, 1.450175
-7.515995, -20.463604, 2.854206, -1.387371, 1.447072
-7.563125, -20.449738, 2.854388, -1.386592, 1.445917
